id,title,display_key,org_slug,type_name,stage_name,current_substate,spawn_state,due_date,is_expedited,work_nature,priority
106,Apple Pay integration for subscription renewals,PAY.1,payments,Payment Feature,Intake,active,active,,false,delivery,
107,PCI DSS v4.0 compliance updates,PAY.2,payments,Payment Feature,Intake,active,active,,false,delivery,
108,Refund fails silently when original transaction > 90 days,PBUG.3,payments,Payment Bug,Reported,active,active,,false,delivery,
109,Currency rounding error on JPY transactions,PBUG.4,payments,Payment Bug,Reported,active,active,,false,delivery,
110,Update Stripe SDK to v14,PTSK.5,payments,Payment Task,Inbox,active,active,,false,delivery,
111,Biometric login for iOS and Android,MOB.6,mobile-experience,Mobile Feature,Intake,active,active,,false,delivery,
112,Offline mode for transaction history,MOB.7,mobile-experience,Mobile Feature,Intake,active,active,,false,delivery,
113,Push notifications not delivered on Android 14,MBUG.8,mobile-experience,Mobile Bug,Reported,active,active,,false,delivery,
114,Redesign onboarding flow — reduce drop-off,MDES.9,mobile-experience,Design Request,Requested,active,active,,false,delivery,
115,Migrate CI pipeline to Xcode 16,MTSK.10,mobile-experience,Mobile Task,Inbox,active,active,,false,delivery,
116,Provision staging environment for payments v3,ENV.11,cloud-infra,Environment Setup,Submitted,active,active,,false,delivery,
117,Scale production Kubernetes cluster — Black Friday prep,ENV.12,cloud-infra,Environment Setup,Submitted,active,active,,true,delivery,
118,us-east-1 load balancer timeout spike,IINC.13,cloud-infra,Infrastructure Incident,Fix Queue,active,active,,false,delivery,
119,Rotate TLS certificates across all clusters,ITSK.14,cloud-infra,Infrastructure Task,Inbox,active,active,,false,delivery,
120,Datadog Enterprise license renewal — 3-year commitment,IACQ.15,cloud-infra,Acquisition Request,Submitted,active,active,2026-03-26T00:00:00.000Z,false,delivery,
121,Add partitioning to transactions table (>500M rows),DBCR.16,data-platform,Database Change Request,Submitted,active,active,,false,delivery,
122,Create read replica for analytics workloads,DBCR.17,data-platform,Database Change Request,Pending Approval,active,active,,false,delivery,
123,Fix dbt model for customer churn metrics,DTSK.18,data-platform,Data Pipeline Task,In Progress,active,active,,false,delivery,
124,Kafka consumer lag on payment events topic,DBUG.19,data-platform,Data Platform Bug,Reported,active,active,,true,delivery,
125,Review: Event-driven architecture for order processing,ARCH.20,enterprise-architecture,Architecture Review,Assigned,active,active,,false,delivery,
126,Review: GraphQL gateway vs. BFF pattern,ARCH.21,enterprise-architecture,Architecture Review,Submitted,active,active,,false,delivery,
127,Assess Temporal.io for long-running workflow orchestration,TECH.22,enterprise-architecture,Technology Assessment,Submitted,active,active,,false,delivery,
128,Exception: Use MongoDB for mobile offline sync cache,STDX.23,enterprise-architecture,Standards Exception,Submitted,active,active,,false,delivery,
129,Dashboard redesign — key metrics visibility,DSGN.24,ux-design,Design Request,Requested,active,active,,false,delivery,
130,Design system dark mode variant,DSGN.25,ux-design,Design Request,Requested,active,active,,false,delivery,
131,Add data table component to design system,DSYS.26,ux-design,Design System Update,Intake,active,active,,false,delivery,
132,WCAG 2.2 audit for checkout flow,A11Y.27,ux-design,Accessibility Audit,Submitted,active,active,,false,delivery,
133,Customer self-service portal — business case review,PROJ.28,pmo,Project Intake,Assigned,active,active,,false,delivery,
134,Legacy system decommission — mainframe migration phase 3,PROJ.29,pmo,Project Intake,Submitted,active,active,,false,delivery,
135,Size: Real-time fraud detection pipeline,PSIZE.30,pmo,Sizing Request,Submitted,active,active,2026-03-13T00:00:00.000Z,true,delivery,
136,Q1 portfolio health report,RPT.31,pmo,Status Report,Inbox,active,active,2026-03-25T00:00:00.000Z,false,delivery,
137,Install IntelliJ Ultimate license — new developer,ITSR.32,it-service-desk,IT Service Request,Submitted,active,active,,false,delivery,
138,VPN access request for contractor team,ITSR.33,it-service-desk,IT Service Request,Submitted,active,active,,false,delivery,
139,SSO login failing intermittently since 9 AM,INC.34,it-service-desk,IT Incident,Reported,active,active,,false,delivery,
140,AWS console access for data platform team,ACC.35,it-service-desk,Access Request,Submitted,active,active,,false,delivery,
141,MacBook Pro M4 — new hire starting March 20,EQUIP.36,it-service-desk,Equipment Request,Submitted,active,active,,false,delivery,
142,Senior Backend Engineer — Payments Team backfill,HIRE.37,people-ops,Headcount Requisition,Submitted,active,active,,false,delivery,
143,UX Researcher — Design Studio growth,HIRE.38,people-ops,Headcount Requisition,Submitted,active,active,,false,delivery,
144,DevOps contractor — 6-month cloud migration support,CNTR.39,people-ops,Contractor Request,Submitted,active,active,,false,delivery,
145,Onboarding checklist for March cohort (8 new hires),PEOP.40,people-ops,People Service Request,Submitted,active,active,,false,delivery,
146,Customer 360 — unified profile across channels,EPIC.41,product-engineering,Product Epic,Intake,active,active,,false,delivery,
147,Real-time order tracking with push notifications,FEAT.42,product-engineering,Product Feature,Intake,active,active,,false,delivery,
148,Feasibility: AI-powered product recommendations,FEAS.43,product-engineering,Feature Feasibility,Submitted,active,active,,false,delivery,
149,Size: Multi-tenant architecture migration,SIZE.44,product-engineering,Sizing Request,Submitted,active,active,,false,delivery,
150,API gateway rate limiting per tenant,PLAT.45,platform-art,Platform Feature,Intake,active,active,,false,delivery,
151,Observability platform — distributed tracing rollout,PEPC.46,platform-art,Platform Epic,Triage,active,active,,false,delivery,
152,Apple Pay integration for subscription renewals,PAY.47,payments,Payment Feature,Triage,active,active,,false,delivery,
153,PCI DSS v4.0 compliance updates,PAY.48,payments,Payment Feature,Triage,active,active,,false,delivery,
154,Refund fails silently when original transaction > 90 days,PBUG.49,payments,Payment Bug,Reported,active,active,,false,delivery,
155,Currency rounding error on JPY transactions,PBUG.50,payments,Payment Bug,Reported,active,active,,false,delivery,
156,Update Stripe SDK to v14,PTSK.51,payments,Payment Task,Inbox,active,active,,false,delivery,
157,Biometric login for iOS and Android,MOB.52,mobile-experience,Mobile Feature,Ready,active,active,,false,delivery,
158,Offline mode for transaction history,MOB.53,mobile-experience,Mobile Feature,Intake,active,active,,false,delivery,
159,Push notifications not delivered on Android 14,MBUG.54,mobile-experience,Mobile Bug,Reported,active,active,,false,delivery,
160,Redesign onboarding flow — reduce drop-off,MDES.55,mobile-experience,Design Request,Requested,active,active,,false,delivery,
161,Migrate CI pipeline to Xcode 16,MTSK.56,mobile-experience,Mobile Task,Inbox,active,active,,false,delivery,
162,Provision staging environment for payments v3,ENV.57,cloud-infra,Environment Setup,Submitted,active,active,,false,delivery,
163,Scale production Kubernetes cluster — Black Friday prep,ENV.58,cloud-infra,Environment Setup,Submitted,active,active,,false,delivery,
164,us-east-1 load balancer timeout spike,IINC.59,cloud-infra,Infrastructure Incident,Reported,active,active,,false,delivery,
165,Rotate TLS certificates across all clusters,ITSK.60,cloud-infra,Infrastructure Task,In Progress,active,active,,false,delivery,
166,Datadog Enterprise license renewal — 3-year commitment,IACQ.61,cloud-infra,Acquisition Request,Manager Review,active,active,,false,delivery,
167,Add partitioning to transactions table (>500M rows),DBCR.62,data-platform,Database Change Request,Pending Approval,active,active,,false,delivery,
168,Create read replica for analytics workloads,DBCR.63,data-platform,Database Change Request,Submitted,active,active,,false,delivery,
169,Fix dbt model for customer churn metrics,DTSK.64,data-platform,Data Pipeline Task,Inbox,active,active,,false,delivery,
170,Kafka consumer lag on payment events topic,DBUG.65,data-platform,Data Platform Bug,Reported,active,active,,false,delivery,
171,Review: Event-driven architecture for order processing,ARCH.66,enterprise-architecture,Architecture Review,Submitted,active,active,,false,delivery,
172,Review: GraphQL gateway vs. BFF pattern,ARCH.67,enterprise-architecture,Architecture Review,Submitted,active,active,,false,delivery,
173,Assess Temporal.io for long-running workflow orchestration,TECH.68,enterprise-architecture,Technology Assessment,Submitted,active,active,,false,delivery,
174,Exception: Use MongoDB for mobile offline sync cache,STDX.69,enterprise-architecture,Standards Exception,Submitted,active,active,,false,delivery,
175,Dashboard redesign — key metrics visibility,DSGN.70,ux-design,Design Request,Requested,active,active,,false,delivery,
176,Design system dark mode variant,DSGN.71,ux-design,Design Request,Requested,active,active,,false,delivery,
177,Add data table component to design system,DSYS.72,ux-design,Design System Update,Intake,active,active,,false,delivery,
178,WCAG 2.2 audit for checkout flow,A11Y.73,ux-design,Accessibility Audit,Submitted,active,active,,false,delivery,
179,Customer self-service portal — business case review,PROJ.74,pmo,Project Intake,Under Review,active,active,,false,delivery,
180,Legacy system decommission — mainframe migration phase 3,PROJ.75,pmo,Project Intake,Submitted,active,active,,false,delivery,
181,Size: Real-time fraud detection pipeline,PSIZE.76,pmo,Sizing Request,Submitted,active,active,,false,delivery,
182,Q1 portfolio health report,RPT.77,pmo,Status Report,Inbox,active,active,,false,delivery,
183,Install IntelliJ Ultimate license — new developer,ITSR.78,it-service-desk,IT Service Request,Approved,active,active,,false,delivery,
184,VPN access request for contractor team,ITSR.79,it-service-desk,IT Service Request,Approved,active,active,,false,delivery,
185,SSO login failing intermittently since 9 AM,INC.80,it-service-desk,IT Incident,Reported,active,active,,false,delivery,
186,AWS console access for data platform team,ACC.81,it-service-desk,Access Request,Submitted,active,active,,false,delivery,
187,MacBook Pro M4 — new hire starting March 20,EQUIP.82,it-service-desk,Equipment Request,Submitted,active,active,,false,delivery,
188,Senior Backend Engineer — Payments Team backfill,HIRE.83,people-ops,Headcount Requisition,Submitted,active,active,,false,delivery,
189,UX Researcher — Design Studio growth,HIRE.84,people-ops,Headcount Requisition,Submitted,active,active,,false,delivery,
190,DevOps contractor — 6-month cloud migration support,CNTR.85,people-ops,Contractor Request,Submitted,active,active,,false,delivery,
191,Onboarding checklist for March cohort (8 new hires),PEOP.86,people-ops,People Service Request,Submitted,active,active,,false,delivery,
192,Customer 360 — unified profile across channels,EPIC.87,product-engineering,Product Epic,Intake,active,active,,false,delivery,
193,Real-time order tracking with push notifications,FEAT.88,product-engineering,Product Feature,Intake,active,active,,false,delivery,
194,Feasibility: AI-powered product recommendations,FEAS.89,product-engineering,Feature Feasibility,Submitted,active,active,,false,delivery,
195,Size: Multi-tenant architecture migration,SIZE.90,product-engineering,Sizing Request,Assigned,active,active,,false,delivery,
196,API gateway rate limiting per tenant,PLAT.91,platform-art,Platform Feature,In Development,active,active,,false,delivery,
197,Observability platform — distributed tracing rollout,PEPC.92,platform-art,Platform Epic,Intake,active,active,,false,delivery,
198,Build API rate limiting dashboard,PAY.98,payments,Payment Feature,Intake,active,active,,false,delivery,
199,Update API documentation for v3 changes,ITSK.97,cloud-infra,Infrastructure Task,In Progress,waiting,active,,false,delivery,
200,Configure CDN caching rules for static assets,ITSK.99,cloud-infra,Infrastructure Task,Done,active,done,,false,delivery,
201,Set up database query performance monitoring,MTSK.93,mobile-experience,Mobile Task,In Progress,active,active,,false,delivery,
202,Write runbook for incident response,PTSK.96,payments,Payment Task,Inbox,active,active,,false,delivery,
203,Configure CDN caching rules for static assets,MTSK.94,mobile-experience,Mobile Task,Inbox,active,active,,false,delivery,
204,Add health check endpoint to auth service,PTSK.95,payments,Payment Task,Inbox,active,active,,false,delivery,
205,Add role-based access control matrix,MOB.100,mobile-experience,Mobile Feature,Intake,active,active,,false,delivery,
206,API returns 500 on concurrent status updates,PBUG.102,payments,Payment Bug,Reported,active,active,,false,delivery,
207,Q2 Platform Modernization,EPIC.101,product-engineering,Product Epic,Intake,active,active,,false,delivery,
208,Request cloud cost report for department,EQUIP.104,it-service-desk,Equipment Request,Submitted,active,active,,false,delivery,
209,Kubernetes pods in CrashLoopBackOff — prod,INC.103,it-service-desk,IT Incident,Reported,active,active,,true,delivery,
210,Request VPN access for new contractor,EQUIP.105,it-service-desk,Equipment Request,Manager Review,active,active,,false,delivery,
211,Need database read replica for analytics team,ACC.106,it-service-desk,Access Request,Under Review,active,active,,false,delivery,
212,Review third-party library licenses,PTSK.107,payments,Payment Task,Inbox,active,active,,false,delivery,
213,Configure log aggregation for new service,PTSK.108,payments,Payment Task,Inbox,active,active,,false,delivery,
214,Rotate production database credentials,MTSK.110,mobile-experience,Mobile Task,Done,active,done,,false,delivery,
215,Sorting breaks when column has null values,PBUG.109,payments,Payment Bug,Reported,active,active,,false,delivery,
216,Write runbook for incident response,ITSK.111,cloud-infra,Infrastructure Task,Inbox,active,active,,false,delivery,
217,Rotate production database credentials,ITSK.112,cloud-infra,Infrastructure Task,Inbox,active,active,,false,delivery,
218,Document API endpoint conventions,MTSK.113,mobile-experience,Mobile Task,Done,active,done,,false,delivery,
219,Need Slack channel created for new initiative,ACC.114,it-service-desk,Access Request,Under Review,active,active,,false,delivery,
220,Q2 Platform Modernization,EPIC.116,product-engineering,Product Epic,Intake,active,active,,false,delivery,
221,Need database read replica for analytics team,ACC.117,it-service-desk,Access Request,Approved,active,active,,false,delivery,
222,Add role-based access control matrix,PAY.118,payments,Payment Feature,Intake,active,active,,false,delivery,
223,Build API rate limiting dashboard,MOB.115,mobile-experience,Mobile Feature,Ready,active,active,,false,improvement,
224,Set up staging environment monitoring,MTSK.119,mobile-experience,Mobile Task,Inbox,active,active,,false,delivery,
225,Migrate CI pipeline to GitHub Actions,PTSK.120,payments,Payment Task,Inbox,active,active,,false,delivery,
226,Create load testing scripts for API,PTSK.122,payments,Payment Task,Inbox,active,active,,false,delivery,
227,Memory leak in WebSocket connection handler,PBUG.121,payments,Payment Bug,Reported,active,active,,false,delivery,
228,Set up database query performance monitoring,MTSK.123,mobile-experience,Mobile Task,In Progress,active,active,,false,delivery,
229,Review third-party library licenses,ITSK.124,cloud-infra,Infrastructure Task,Done,active,done,,false,delivery,
230,Configure CDN caching rules for static assets,ITSK.125,cloud-infra,Infrastructure Task,Done,active,done,,false,delivery,
231,Provision test data in staging environment,EQUIP.126,it-service-desk,Equipment Request,Manager Review,active,active,,false,delivery,
232,Request SSL certificate for new subdomain,ACC.127,it-service-desk,Access Request,Under Review,active,active,,false,delivery,
233,Build performance metrics dashboard,MOB.131,mobile-experience,Mobile Feature,Intake,active,active,,false,delivery,
234,Request elevated permissions for deploy pipeline,ITSR.129,it-service-desk,IT Service Request,Submitted,active,active,,false,delivery,
235,Add webhook configuration UI,FEAT.128,product-engineering,Product Feature,Intake,active,active,,false,delivery,
236,Need access to production logs dashboard,EQUIP.130,it-service-desk,Equipment Request,Manager Review,active,active,,false,delivery,
237,Create custom report builder,PAY.132,payments,Payment Feature,Intake,active,active,,false,improvement,
238,Document API endpoint conventions,MTSK.134,mobile-experience,Mobile Task,Done,active,done,,false,delivery,
239,Update Node.js to v22 LTS,MTSK.133,mobile-experience,Mobile Task,Inbox,active,active,,false,delivery,
240,Configure log aggregation for new service,PTSK.135,payments,Payment Task,Inbox,active,active,,false,delivery,
241,Migrate CI pipeline to GitHub Actions,PTSK.136,payments,Payment Task,Done,active,done,,false,delivery,
242,Date picker shows wrong timezone offset,PBUG.137,payments,Payment Bug,Triage,active,active,,false,delivery,
243,Write runbook for incident response,ITSK.139,cloud-infra,Infrastructure Task,Inbox,active,active,,false,delivery,
244,Update SSL certificates for Q2,ITSK.138,cloud-infra,Infrastructure Task,Done,active,done,,false,delivery,
245,API gateway dropping requests intermittently,INC.141,it-service-desk,IT Incident,Reported,active,active,,false,delivery,
246,SSL certificate expired on api.internal,INC.140,it-service-desk,IT Incident,Fix Queue,active,active,,false,delivery,
247,Build API rate limiting dashboard,FEAT.146,product-engineering,Product Feature,Intake,active,active,,false,delivery,
248,Add health check endpoint to auth service,PTSK.143,payments,Payment Task,Done,active,done,,false,delivery,
249,Update SSL certificates for Q2,PTSK.145,payments,Payment Task,Inbox,active,active,,false,delivery,
250,Set up staging environment monitoring,MTSK.148,mobile-experience,Mobile Task,Done,active,done,,false,delivery,
251,Configure CDN caching rules for static assets,ITSK.144,cloud-infra,Infrastructure Task,Done,active,done,,false,delivery,
252,Review third-party library licenses,MTSK.147,mobile-experience,Mobile Task,Done,blocked,done,,false,delivery,
253,Add drag-and-drop file upload,PAY.142,payments,Payment Feature,Intake,active,active,,false,delivery,
254,Provision dev environment for Project Atlas,ACC.149,it-service-desk,Access Request,Submitted,active,active,,false,delivery,
255,Memory leak in WebSocket connection handler,PBUG.150,payments,Payment Bug,Reported,active,active,,false,delivery,
256,Implement search filters for dashboard,MOB.152,mobile-experience,Mobile Feature,Intake,active,active,,false,delivery,
257,Review third-party library licenses,ITSK.151,cloud-infra,Infrastructure Task,Done,blocked,done,,false,delivery,
258,Kubernetes pods in CrashLoopBackOff — prod,INC.153,it-service-desk,IT Incident,Reported,active,active,,true,delivery,
259,Need Slack channel created for new initiative,ITSR.155,it-service-desk,IT Service Request,Submitted,active,active,,false,delivery,
260,CDN cache invalidation not propagating,INC.154,it-service-desk,IT Incident,Triage,active,active,,false,delivery,
261,Write runbook for incident response,PTSK.156,payments,Payment Task,Inbox,active,active,,false,delivery,
262,Document API endpoint conventions,PTSK.157,payments,Payment Task,Done,active,done,,false,delivery,
263,Update Node.js to v22 LTS,MTSK.158,mobile-experience,Mobile Task,Done,active,done,,false,delivery,
264,Review and update security headers,MTSK.159,mobile-experience,Mobile Task,In Progress,active,active,,false,delivery,
265,File upload fails silently for files > 10MB,PBUG.160,payments,Payment Bug,Reported,active,active,,false,delivery,
266,Archive completed project repositories,ITSK.161,cloud-infra,Infrastructure Task,Inbox,active,active,,false,delivery,
267,Set up staging environment monitoring,ITSK.162,cloud-infra,Infrastructure Task,Done,blocked,done,,false,delivery,
268,Customer Self-Service Portal,EPIC.163,product-engineering,Product Epic,Triage,active,active,,false,improvement,
269,Implement data retention policies UI,MOB.164,mobile-experience,Mobile Feature,Intake,active,active,,false,delivery,
270,Create custom report builder,PAY.165,payments,Payment Feature,Intake,active,active,,false,delivery,
271,Request cloud cost report for department,ACC.166,it-service-desk,Access Request,Approved,active,active,,false,delivery,
272,Request license for IntelliJ IDEA Ultimate,ACC.167,it-service-desk,Access Request,Submitted,active,active,,false,delivery,
273,Update SSL certificates for Q2,ITSK.168,cloud-infra,Infrastructure Task,Inbox,active,active,,false,delivery,
274,File storage service returning access denied,INC.169,it-service-desk,IT Incident,Reported,active,active,,true,delivery,
275,Need access to production logs dashboard,ACC.173,it-service-desk,Access Request,Approved,active,active,,false,delivery,
276,Configure CDN caching rules for static assets,MTSK.171,mobile-experience,Mobile Task,In Progress,active,active,,true,delivery,
277,Rotate production database credentials,PTSK.175,payments,Payment Task,Inbox,active,active,,false,delivery,
278,Set up automated dependency updates,PTSK.172,payments,Payment Task,Inbox,active,active,,false,delivery,
279,Configure CDN caching rules for static assets,ITSK.174,cloud-infra,Infrastructure Task,Done,active,done,,false,delivery,
280,Currency formatting wrong for Japanese Yen,PBUG.170,payments,Payment Bug,Triage,active,active,,false,delivery,
281,Migrate CI pipeline to GitHub Actions,MTSK.176,mobile-experience,Mobile Task,Inbox,active,active,,false,delivery,
282,Add webhook configuration UI,MOB.177,mobile-experience,Mobile Feature,Triage,active,active,,false,delivery,
283,Request license for IntelliJ IDEA Ultimate,ACC.179,it-service-desk,Access Request,Approved,active,active,,false,delivery,
284,Implement SSO integration with Okta,PAY.178,payments,Payment Feature,Intake,active,active,,false,delivery,
285,Add role-based access control matrix,FEAT.180,product-engineering,Product Feature,Intake,active,active,,false,delivery,
286,Request VPN access for new contractor,EQUIP.181,it-service-desk,Equipment Request,Manager Review,active,active,,false,delivery,
287,Dashboard widgets overlap on tablet viewport,PBUG.183,payments,Payment Bug,Triage,active,active,,false,delivery,
288,Update SSL certificates for Q2,MTSK.182,mobile-experience,Mobile Task,Inbox,active,active,2026-03-20T00:00:00.000Z,false,delivery,
289,Consolidate duplicate utility functions,MTSK.184,mobile-experience,Mobile Task,Done,active,done,,false,delivery,
290,Configure CDN caching rules for static assets,PTSK.185,payments,Payment Task,Done,active,done,,false,delivery,
291,Configure log aggregation for new service,ITSK.187,cloud-infra,Infrastructure Task,Done,active,done,,false,delivery,
292,Configure log aggregation for new service,PTSK.186,payments,Payment Task,Inbox,active,active,,false,delivery,
293,Review and update security headers,ITSK.188,cloud-infra,Infrastructure Task,Inbox,active,active,,false,delivery,
294,Set up shared mailbox for support team,ITSR.189,it-service-desk,IT Service Request,Approved,active,active,,false,delivery,
295,Request SSL certificate for new subdomain,EQUIP.190,it-service-desk,Equipment Request,Submitted,active,active,,false,delivery,
296,Set up database query performance monitoring,PTSK.191,payments,Payment Task,Done,active,done,,false,delivery,
297,Set up database query performance monitoring,PTSK.192,payments,Payment Task,Done,active,done,,false,delivery,
298,Implement progressive web app support,PAY.194,payments,Payment Feature,Triage,active,active,,false,delivery,
299,Consolidate duplicate utility functions,ITSK.193,cloud-infra,Infrastructure Task,Inbox,active,active,,false,delivery,
300,Update Node.js to v22 LTS,ITSK.195,cloud-infra,Infrastructure Task,Done,active,done,,false,delivery,
301,Implement batch processing for imports,MOB.196,mobile-experience,Mobile Feature,Intake,active,active,,false,improvement,
302,Write runbook for incident response,MTSK.199,mobile-experience,Mobile Task,Done,active,done,,false,delivery,
303,Memory leak in WebSocket connection handler,PBUG.198,payments,Payment Bug,Reported,active,active,,false,delivery,
304,Rotate production database credentials,MTSK.197,mobile-experience,Mobile Task,Done,active,done,,false,delivery,
305,Implement data retention policies UI,FEAS.200,product-engineering,Feature Feasibility,Submitted,active,active,2026-03-18T00:00:00.000Z,false,improvement,
306,Request cloud cost report for department,EQUIP.201,it-service-desk,Equipment Request,Submitted,active,active,,false,delivery,
307,Need access to shared design system Figma,ITSR.202,it-service-desk,IT Service Request,Submitted,active,active,,false,delivery,
308,Archive completed project repositories,MTSK.203,mobile-experience,Mobile Task,Done,blocked,done,,false,delivery,
309,Implement data retention policies UI,PAY.204,payments,Payment Feature,Ready,waiting,active,,true,delivery,
310,Session timeout doesn't redirect to login,PBUG.205,payments,Payment Bug,Fix Queue,active,active,,false,improvement,
311,Request cloud cost report for department,ACC.206,it-service-desk,Access Request,Submitted,active,active,,false,delivery,
312,Set up database query performance monitoring,MTSK.207,mobile-experience,Mobile Task,Inbox,active,active,,false,delivery,
313,Auto-save triggers on read-only fields,PBUG.208,payments,Payment Bug,Reported,active,active,,false,delivery,
314,Create API key management interface,MOB.209,mobile-experience,Mobile Feature,Triage,active,active,,false,delivery,
315,Need database read replica for analytics team,ITSR.210,it-service-desk,IT Service Request,Approved,active,active,,false,delivery,
316,Build user activity timeline view,FEAS.211,product-engineering,Feature Feasibility,Submitted,active,active,,false,delivery,
317,Configure CDN caching rules for static assets,PTSK.212,payments,Payment Task,Inbox,active,active,,false,delivery,
318,Password reset link expires immediately,PBUG.213,payments,Payment Bug,Reported,active,active,,false,delivery,
319,File storage service returning access denied,INC.214,it-service-desk,IT Incident,Deploying,active,active,,false,delivery,
320,Request elevated permissions for deploy pipeline,EQUIP.215,it-service-desk,Equipment Request,Manager Review,active,active,,false,delivery,
321,Create API key management interface,FEAT.216,product-engineering,Product Feature,Triage,active,active,,false,improvement,
322,Add calendar view for scheduled tasks,MOB.217,mobile-experience,Mobile Feature,Triage,active,active,,false,delivery,
323,Kubernetes pods in CrashLoopBackOff — prod,INC.218,it-service-desk,IT Incident,Reported,active,active,,true,delivery,
324,Write runbook for incident response,PTSK.219,payments,Payment Task,Done,active,done,,false,improvement,
325,Consolidate duplicate utility functions,MTSK.220,mobile-experience,Mobile Task,Done,active,done,,false,delivery,
326,Auto-save triggers on read-only fields,PBUG.221,payments,Payment Bug,Reported,active,active,,false,delivery,
327,Request license for IntelliJ IDEA Ultimate,ACC.222,it-service-desk,Access Request,Approved,active,active,,false,delivery,
328,Create integration marketplace page,MOB.224,mobile-experience,Mobile Feature,Triage,active,active,,false,improvement,
329,Implement real-time notification system,PAY.223,payments,Payment Feature,Intake,active,active,,false,delivery,
330,Update API documentation for v3 changes,ITSK.225,cloud-infra,Infrastructure Task,Done,active,done,,false,delivery,
331,Implement automated backup scheduling,FEAS.228,product-engineering,Feature Feasibility,Submitted,active,active,,false,delivery,
332,Set up automated dependency updates,MTSK.226,mobile-experience,Mobile Task,Done,active,done,,false,delivery,
333,Date picker shows wrong timezone offset,PBUG.227,payments,Payment Bug,Triage,active,active,,false,delivery,
334,Update Node.js to v22 LTS,ITSK.229,cloud-infra,Infrastructure Task,Done,active,done,,false,delivery,
335,Need Slack channel created for new initiative,ACC.231,it-service-desk,Access Request,Approved,active,active,,false,delivery,
336,Need admin access to Confluence space,EQUIP.230,it-service-desk,Equipment Request,Submitted,active,active,,false,delivery,
337,Login page crashes on Safari 17,PBUG.232,payments,Payment Bug,Reported,active,active,,false,delivery,
338,Rotate production database credentials,MTSK.233,mobile-experience,Mobile Task,Done,active,done,,false,delivery,
339,Memory leak in WebSocket connection handler,PBUG.235,payments,Payment Bug,Reported,active,active,,false,delivery,
340,Request license for IntelliJ IDEA Ultimate,ITSR.234,it-service-desk,IT Service Request,Submitted,active,active,,false,delivery,
341,Enterprise SSO Rollout,EPIC.236,product-engineering,Product Epic,Triage,active,active,2026-03-20T00:00:00.000Z,false,delivery,
342,Request license for IntelliJ IDEA Ultimate,ACC.237,it-service-desk,Access Request,Approved,active,active,,false,delivery,
343,Database replication lag exceeding 30s,INC.238,it-service-desk,IT Incident,Fix Queue,active,active,,true,delivery,
344,Set up staging environment monitoring,PTSK.239,payments,Payment Task,Done,active,done,,false,delivery,
345,Login page crashes on Safari 17,PBUG.240,payments,Payment Bug,Reported,active,active,2026-03-16T00:00:00.000Z,false,delivery,
346,Request elevated permissions for deploy pipeline,ITSR.241,it-service-desk,IT Service Request,Approved,active,active,,false,delivery,
347,Redesign onboarding flow for new users,MOB.242,mobile-experience,Mobile Feature,Triage,active,active,,false,delivery,
348,Memory leak in WebSocket connection handler,PBUG.243,payments,Payment Bug,Reported,active,active,,false,delivery,
349,Configure CDN caching rules for static assets,MTSK.244,mobile-experience,Mobile Task,Done,active,done,,false,delivery,
350,Q2 Platform Modernization,EPIC.245,product-engineering,Product Epic,Intake,active,active,2026-03-19T00:00:00.000Z,false,improvement,
351,Email delivery queue backed up 2+ hours,INC.246,it-service-desk,IT Incident,In Fix,waiting,active,,true,delivery,
352,Login page crashes on Safari 17,PBUG.247,payments,Payment Bug,Fix Queue,active,active,,false,delivery,
353,Add bulk export to CSV for reports,MOB.248,mobile-experience,Mobile Feature,Triage,active,active,,false,delivery,
354,Implement batch processing for imports,PAY.249,payments,Payment Feature,Ready,waiting,active,,false,delivery,
355,Webhook retry count never resets after success,PBUG.250,payments,Payment Bug,Reported,active,active,,false,delivery,
356,Add drag-and-drop file upload,PAY.251,payments,Payment Feature,Intake,active,active,,false,delivery,
357,Need access to production logs dashboard,ITSR.252,it-service-desk,IT Service Request,Approved,active,active,,false,delivery,
358,Request cloud cost report for department,ITSR.253,it-service-desk,IT Service Request,Under Review,active,active,,false,delivery,
359,API returns 500 on concurrent status updates,PBUG.255,payments,Payment Bug,Reported,active,active,,false,delivery,
360,Set up automated dependency updates,MTSK.254,mobile-experience,Mobile Task,Done,active,done,,false,delivery,
361,Set up monitoring alerts for payment service,ITSR.256,it-service-desk,IT Service Request,Fulfilling,waiting,active,,false,delivery,
362,Need database read replica for analytics team,ITSR.257,it-service-desk,IT Service Request,Approved,active,active,,false,delivery,
363,Session timeout doesn't redirect to login,PBUG.258,payments,Payment Bug,Triage,active,active,,false,delivery,
364,Implement real-time notification system,FEAT.259,product-engineering,Product Feature,Triage,active,active,,false,delivery,
365,Need access to shared design system Figma,ITSR.260,it-service-desk,IT Service Request,Submitted,active,active,,false,delivery,
366,Payment processing latency spike — P1,INC.261,it-service-desk,IT Incident,Reported,active,active,,true,delivery,
367,Update Node.js to v22 LTS,ITSK.262,cloud-infra,Infrastructure Task,Done,active,done,,false,delivery,
368,Update Node.js to v22 LTS,PTSK.263,payments,Payment Task,Inbox,active,active,,false,delivery,
369,Memory leak in WebSocket connection handler,PBUG.264,payments,Payment Bug,Reported,active,active,,false,delivery,
370,Provision service account for CI/CD pipeline,EQUIP.265,it-service-desk,Equipment Request,Manager Review,active,active,,false,delivery,
371,Add customizable email templates,PAY.268,payments,Payment Feature,Triage,active,active,,false,delivery,
372,Add dark mode toggle to user settings,MOB.266,mobile-experience,Mobile Feature,In Development,waiting,active,,false,delivery,
373,Enterprise SSO Rollout,EPIC.267,product-engineering,Product Epic,Triage,active,active,2026-03-22T00:00:00.000Z,false,delivery,
374,Configure CDN caching rules for static assets,PTSK.269,payments,Payment Task,Done,active,done,,false,delivery,
375,Auto-save triggers on read-only fields,PBUG.270,payments,Payment Bug,Reported,active,active,,false,delivery,
376,Clean up deprecated API endpoints,PTSK.271,payments,Payment Task,Done,active,done,,false,delivery,
377,Add two-factor authentication support,PAY.272,payments,Payment Feature,Triage,active,active,,false,delivery,
378,Image thumbnails not generated for HEIC format,PBUG.273,payments,Payment Bug,Fix Queue,active,active,,false,improvement,
379,Implement data retention policies UI,MOB.274,mobile-experience,Mobile Feature,In Development,waiting,active,,false,delivery,
380,Request VPN access for new contractor,ACC.275,it-service-desk,Access Request,Under Review,active,active,,false,delivery,
381,Need access to shared design system Figma,EQUIP.276,it-service-desk,Equipment Request,Submitted,active,active,,false,delivery,
382,Document API endpoint conventions,PTSK.277,payments,Payment Task,Inbox,active,active,,false,delivery,
383,Migrate CI pipeline to GitHub Actions,ITSK.278,cloud-infra,Infrastructure Task,Inbox,active,active,,false,delivery,
384,File upload fails silently for files > 10MB,PBUG.279,payments,Payment Bug,Triage,active,active,,false,delivery,
385,Build API rate limiting dashboard,PAY.281,payments,Payment Feature,Triage,active,active,,false,delivery,
386,Q2 Platform Modernization,EPIC.280,product-engineering,Product Epic,Intake,active,active,,false,improvement,
387,Request cloud cost report for department,EQUIP.282,it-service-desk,Equipment Request,Manager Review,active,active,,false,delivery,
388,Login page crashes on Safari 17,PBUG.283,payments,Payment Bug,Reported,active,active,,false,delivery,
389,Set up monitoring alerts for payment service,ACC.284,it-service-desk,Access Request,Submitted,active,active,,false,delivery,
390,Database replication lag exceeding 30s,INC.285,it-service-desk,IT Incident,Triage,active,active,,true,delivery,
391,Add health check endpoint to auth service,ITSK.286,cloud-infra,Infrastructure Task,Done,active,done,,false,delivery,
392,Webhook retry count never resets after success,PBUG.287,payments,Payment Bug,Triage,active,active,,false,delivery,
393,Consolidate duplicate utility functions,PTSK.288,payments,Payment Task,Done,active,done,,false,delivery,
394,Provision service account for CI/CD pipeline,ACC.289,it-service-desk,Access Request,Approved,active,active,,false,delivery,
395,Date picker shows wrong timezone offset,PBUG.290,payments,Payment Bug,Reported,active,active,,false,delivery,
396,SSL certificate expired on api.internal,INC.291,it-service-desk,IT Incident,Fix Queue,active,active,,true,delivery,
397,Provision test data in staging environment,ITSR.292,it-service-desk,IT Service Request,Submitted,active,active,,false,delivery,
398,Update Node.js to v22 LTS,ITSK.293,cloud-infra,Infrastructure Task,Done,active,done,,false,delivery,
399,Session timeout doesn't redirect to login,PBUG.294,payments,Payment Bug,Reported,active,active,,false,delivery,
400,Consolidate duplicate utility functions,PTSK.295,payments,Payment Task,Inbox,active,active,,true,delivery,
401,Update Node.js to v22 LTS,ITSK.296,cloud-infra,Infrastructure Task,Done,active,done,,false,delivery,
402,Redesign onboarding flow for new users,PAY.297,payments,Payment Feature,Intake,active,active,,false,delivery,
403,Request VPN access for new contractor,EQUIP.298,it-service-desk,Equipment Request,Submitted,active,active,,false,delivery,
404,Authentication service returning 503,INC.299,it-service-desk,IT Incident,Triage,active,active,,true,delivery,
405,Set up shared mailbox for support team,ITSR.300,it-service-desk,IT Service Request,Submitted,active,active,,false,delivery,
406,Race condition in optimistic locking logic,PBUG.301,payments,Payment Bug,Fix Queue,active,active,,false,delivery,
407,Real-time Analytics Pipeline,EPIC.302,product-engineering,Product Epic,Triage,active,active,,false,delivery,
408,Add two-factor authentication support,PAY.303,payments,Payment Feature,Intake,active,active,,false,delivery,
409,Dashboard widgets overlap on tablet viewport,PBUG.304,payments,Payment Bug,Triage,active,active,,false,delivery,
410,Email delivery queue backed up 2+ hours,INC.305,it-service-desk,IT Incident,Reported,active,active,,true,delivery,
411,Request elevated permissions for deploy pipeline,EQUIP.306,it-service-desk,Equipment Request,Manager Review,active,active,,false,delivery,
412,Rotate production database credentials,ITSK.308,cloud-infra,Infrastructure Task,Inbox,active,active,,false,delivery,
413,Dashboard widgets overlap on tablet viewport,PBUG.307,payments,Payment Bug,Triage,active,active,,false,delivery,
414,Implement automated backup scheduling,MOB.309,mobile-experience,Mobile Feature,Triage,active,active,,false,delivery,
415,Auto-save triggers on read-only fields,PBUG.310,payments,Payment Bug,Triage,active,active,,false,delivery,
416,Set up monitoring alerts for payment service,ITSR.311,it-service-desk,IT Service Request,Submitted,active,active,,false,delivery,
417,Update container base images to Alpine 3.19,MTSK.312,mobile-experience,Mobile Task,Done,active,done,,false,delivery,
418,File storage service returning access denied,INC.313,it-service-desk,IT Incident,Fix Queue,active,active,,true,delivery,
419,Review and update security headers,ITSK.314,cloud-infra,Infrastructure Task,Done,active,done,,false,delivery,
420,Auto-save triggers on read-only fields,PBUG.315,payments,Payment Bug,Reported,active,active,,false,delivery,
421,Configure log aggregation for new service,ITSK.316,cloud-infra,Infrastructure Task,Done,active,done,,false,delivery,
422,Request license for IntelliJ IDEA Ultimate,EQUIP.317,it-service-desk,Equipment Request,Manager Review,active,active,,false,delivery,
423,Provision service account for CI/CD pipeline,ITSR.320,it-service-desk,IT Service Request,Submitted,active,active,,false,delivery,
424,Update SSL certificates for Q2,PTSK.319,payments,Payment Task,Inbox,active,active,,false,delivery,
425,Auto-save triggers on read-only fields,PBUG.318,payments,Payment Bug,Triage,active,active,,false,delivery,
426,Customer Self-Service Portal,EPIC.321,product-engineering,Product Epic,Intake,active,active,,false,delivery,
427,Build user activity timeline view,PAY.322,payments,Payment Feature,Intake,active,active,,false,delivery,
428,Need access to production logs dashboard,EQUIP.323,it-service-desk,Equipment Request,Manager Review,active,active,,false,delivery,
429,Add role-based access control matrix,MOB.324,mobile-experience,Mobile Feature,Intake,active,active,2026-03-29T00:00:00.000Z,false,delivery,
430,Memory leak in WebSocket connection handler,PBUG.325,payments,Payment Bug,Triage,active,active,,false,delivery,
431,Session timeout doesn't redirect to login,PBUG.326,payments,Payment Bug,Reported,active,active,,false,delivery,
432,Provision service account for CI/CD pipeline,ACC.327,it-service-desk,Access Request,Approved,active,active,,false,delivery,
433,Create API key management interface,FEAT.328,product-engineering,Product Feature,Intake,active,active,,false,delivery,
434,Implement data retention policies UI,MOB.329,mobile-experience,Mobile Feature,Triage,active,active,,false,delivery,
435,Database replication lag exceeding 30s,INC.330,it-service-desk,IT Incident,Reported,active,active,,true,delivery,
436,Request cloud cost report for department,ACC.331,it-service-desk,Access Request,Under Review,active,active,,false,delivery,
437,CSV export truncates unicode characters,PBUG.332,payments,Payment Bug,Triage,active,active,,false,delivery,
438,Image thumbnails not generated for HEIC format,PBUG.333,payments,Payment Bug,Reported,active,active,,false,delivery,
439,Database replication lag exceeding 30s,INC.334,it-service-desk,IT Incident,Reported,active,active,,false,delivery,
440,Review and update security headers,ITSK.335,cloud-infra,Infrastructure Task,In Progress,waiting,active,,false,delivery,
441,Email notifications sent twice on retry,PBUG.336,payments,Payment Bug,Reported,active,active,,false,delivery,
442,Write runbook for incident response,ITSK.337,cloud-infra,Infrastructure Task,Done,active,done,,false,delivery,
443,Request SSL certificate for new subdomain,EQUIP.338,it-service-desk,Equipment Request,Manager Review,active,active,,false,delivery,
444,Currency formatting wrong for Japanese Yen,PBUG.339,payments,Payment Bug,Reported,active,active,,false,delivery,
445,Login page crashes on Safari 17,PBUG.340,payments,Payment Bug,Reported,active,active,,false,delivery,
446,Implement audit log viewer,FEAT.341,product-engineering,Product Feature,Triage,active,active,,true,delivery,
447,Provision service account for CI/CD pipeline,ACC.342,it-service-desk,Access Request,Under Review,active,active,,false,delivery,
448,SSL certificate expired on api.internal,INC.343,it-service-desk,IT Incident,Fix Queue,active,active,,false,delivery,
449,Configure log aggregation for new service,ITSK.344,cloud-infra,Infrastructure Task,In Progress,waiting,active,,false,delivery,
450,Date picker shows wrong timezone offset,PBUG.345,payments,Payment Bug,Reported,active,active,,false,delivery,
451,Add webhook configuration UI,MOB.347,mobile-experience,Mobile Feature,Ready,waiting,active,,false,delivery,
452,Provision dev environment for Project Atlas,ACC.346,it-service-desk,Access Request,Under Review,active,active,,false,delivery,
453,File upload fails silently for files > 10MB,PBUG.348,payments,Payment Bug,Triage,active,active,,false,delivery,
454,Set up monitoring alerts for payment service,ACC.349,it-service-desk,Access Request,Approved,active,active,,false,delivery,
455,Provision test data in staging environment,ITSR.350,it-service-desk,IT Service Request,Under Review,active,active,,false,delivery,
456,Password reset link expires immediately,PBUG.351,payments,Payment Bug,Reported,active,active,,false,delivery,
457,Request cloud cost report for department,EQUIP.352,it-service-desk,Equipment Request,Submitted,active,active,,false,delivery,
458,Create load testing scripts for API,ITSK.353,cloud-infra,Infrastructure Task,Inbox,active,active,,false,delivery,
459,Race condition in optimistic locking logic,PBUG.354,payments,Payment Bug,Reported,active,active,,false,delivery,
460,Build performance metrics dashboard,FEAT.355,product-engineering,Product Feature,Intake,active,active,,false,delivery,
461,Set up staging environment monitoring,ITSK.356,cloud-infra,Infrastructure Task,In Progress,waiting,active,,false,delivery,
462,API returns 500 on concurrent status updates,PBUG.357,payments,Payment Bug,Reported,active,active,,false,delivery,
463,Write runbook for incident response,ITSK.358,cloud-infra,Infrastructure Task,Done,active,done,,false,delivery,
464,Provision service account for CI/CD pipeline,EQUIP.359,it-service-desk,Equipment Request,Submitted,active,active,,false,delivery,
465,Kubernetes pods in CrashLoopBackOff — prod,INC.360,it-service-desk,IT Incident,Triage,active,active,,true,delivery,
466,Sorting breaks when column has null values,PBUG.362,payments,Payment Bug,Reported,active,active,,false,delivery,
467,Implement SSO integration with Okta,MOB.361,mobile-experience,Mobile Feature,Done,active,done,,false,improvement,
468,Set up shared mailbox for support team,ACC.363,it-service-desk,Access Request,Submitted,active,active,,false,delivery,
469,Request elevated permissions for deploy pipeline,EQUIP.364,it-service-desk,Equipment Request,Submitted,active,active,,false,delivery,
470,Implement automated backup scheduling,PAY.365,payments,Payment Feature,Intake,active,active,,false,delivery,
471,Set up shared mailbox for support team,ITSR.366,it-service-desk,IT Service Request,Submitted,active,active,,false,delivery,
472,Configure CDN caching rules for static assets,ITSK.367,cloud-infra,Infrastructure Task,Done,active,done,,false,delivery,
473,Auto-save triggers on read-only fields,PBUG.368,payments,Payment Bug,Reported,active,active,,false,delivery,
474,Update SSL certificates for Q2,MTSK.370,mobile-experience,Mobile Task,Done,active,done,,false,delivery,
475,Update API documentation for v3 changes,MTSK.369,mobile-experience,Mobile Task,Inbox,active,active,,false,delivery,
476,Redesign onboarding flow for new users,PAY.372,payments,Payment Feature,Intake,active,active,,false,delivery,
477,Pagination skips records when filter applied,PBUG.371,payments,Payment Bug,Triage,active,active,,false,delivery,
478,Update Node.js to v22 LTS,PTSK.373,payments,Payment Task,Done,active,done,,false,delivery,
479,Request elevated permissions for deploy pipeline,ITSR.374,it-service-desk,IT Service Request,Submitted,active,active,,false,delivery,
480,Build user activity timeline view,MOB.375,mobile-experience,Mobile Feature,Triage,active,active,,false,delivery,
481,Sorting breaks when column has null values,PBUG.376,payments,Payment Bug,Reported,active,active,,false,delivery,
482,CDN cache invalidation not propagating,INC.377,it-service-desk,IT Incident,Reported,active,active,,false,delivery,
483,Implement automated backup scheduling,FEAS.378,product-engineering,Feature Feasibility,Submitted,active,active,,false,delivery,
484,Implement real-time notification system,PAY.379,payments,Payment Feature,Intake,active,active,,false,delivery,
485,API returns 500 on concurrent status updates,PBUG.380,payments,Payment Bug,Reported,active,active,,false,delivery,
486,Database replication lag exceeding 30s,INC.381,it-service-desk,IT Incident,Fix Queue,active,active,,true,delivery,
487,Date picker shows wrong timezone offset,PBUG.382,payments,Payment Bug,Triage,active,active,,false,delivery,
488,Clean up deprecated API endpoints,PTSK.383,payments,Payment Task,Inbox,active,active,,false,delivery,
489,Auto-save triggers on read-only fields,PBUG.384,payments,Payment Bug,Triage,active,active,,false,delivery,
490,Request cloud cost report for department,ACC.385,it-service-desk,Access Request,Under Review,active,active,,false,delivery,
491,Redesign onboarding flow for new users,PAY.386,payments,Payment Feature,Intake,active,active,,false,delivery,
492,Q2 Platform Modernization,EPIC.387,product-engineering,Product Epic,Triage,active,active,,false,delivery,
493,Pagination skips records when filter applied,PBUG.388,payments,Payment Bug,Reported,active,active,,false,delivery,
494,Request SSL certificate for new subdomain,EQUIP.389,it-service-desk,Equipment Request,Submitted,active,active,,false,delivery,
495,Provision dev environment for Project Atlas,ITSR.390,it-service-desk,IT Service Request,Approved,active,active,,false,delivery,
496,Sorting breaks when column has null values,PBUG.391,payments,Payment Bug,Reported,active,active,,true,delivery,
497,Review and update security headers,PTSK.392,payments,Payment Task,Inbox,active,active,,false,delivery,
498,Memory leak in WebSocket connection handler,PBUG.393,payments,Payment Bug,Reported,active,active,,false,delivery,
499,Create API key management interface,PAY.394,payments,Payment Feature,Triage,active,active,2026-03-17T00:00:00.000Z,false,delivery,
500,Rotate production database credentials,MTSK.395,mobile-experience,Mobile Task,Inbox,active,active,,false,delivery,
501,Webhook retry count never resets after success,PBUG.396,payments,Payment Bug,Triage,active,active,,false,delivery,
502,Need access to production logs dashboard,ACC.397,it-service-desk,Access Request,Submitted,active,active,,false,delivery,
503,Create API key management interface,MOB.398,mobile-experience,Mobile Feature,Ready,waiting,active,,false,delivery,
504,Set up monitoring alerts for payment service,ACC.399,it-service-desk,Access Request,Under Review,active,active,,false,delivery,
505,API returns 500 on concurrent status updates,PBUG.400,payments,Payment Bug,Triage,active,active,,false,delivery,
506,Request VPN access for new contractor,ACC.401,it-service-desk,Access Request,Under Review,active,active,,false,delivery,
507,Add dark mode toggle to user settings,FEAT.402,product-engineering,Product Feature,Intake,active,active,,false,delivery,
508,Add role-based access control matrix,PAY.403,payments,Payment Feature,Ready,waiting,active,,false,delivery,
509,Race condition in optimistic locking logic,PBUG.404,payments,Payment Bug,Reported,active,active,,false,delivery,
510,Consolidate duplicate utility functions,ITSK.405,cloud-infra,Infrastructure Task,Done,active,done,,false,delivery,
511,File upload fails silently for files > 10MB,PBUG.406,payments,Payment Bug,Triage,active,active,,false,delivery,
512,Build API rate limiting dashboard,MOB.407,mobile-experience,Mobile Feature,Ready,waiting,active,,false,delivery,
513,Provision test data in staging environment,EQUIP.423,it-service-desk,Equipment Request,Submitted,active,active,,false,delivery,
514,Login page crashes on Safari 17,PBUG.422,payments,Payment Bug,Reported,active,active,,false,delivery,
515,Update container base images to Alpine 3.19,ITSK.424,cloud-infra,Infrastructure Task,Done,active,done,,false,delivery,
516,Search results inconsistent after bulk update,PBUG.425,payments,Payment Bug,Reported,active,active,,false,delivery,
517,Need database read replica for analytics team,ITSR.426,it-service-desk,IT Service Request,Submitted,active,active,,false,delivery,
518,Update SSL certificates for Q2,PTSK.428,payments,Payment Task,Inbox,active,active,,false,delivery,
519,Image thumbnails not generated for HEIC format,PBUG.427,payments,Payment Bug,Reported,active,active,,false,delivery,
520,Payment processing latency spike — P1,INC.429,it-service-desk,IT Incident,Reported,active,active,,false,delivery,
521,Implement real-time notification system,PAY.430,payments,Payment Feature,Intake,active,active,,false,delivery,
522,Set up monitoring alerts for payment service,ACC.431,it-service-desk,Access Request,Under Review,active,active,,false,delivery,
523,Memory leak in WebSocket connection handler,PBUG.432,payments,Payment Bug,Reported,active,active,,false,delivery,
524,Write runbook for incident response,PTSK.433,payments,Payment Task,Inbox,active,active,,false,delivery,
525,Update Node.js to v22 LTS,MTSK.434,mobile-experience,Mobile Task,Done,active,done,,false,delivery,
526,Create custom report builder,PAY.435,payments,Payment Feature,Intake,active,active,,false,delivery,
527,API returns 500 on concurrent status updates,PBUG.436,payments,Payment Bug,Reported,active,active,,false,delivery,
528,Document API endpoint conventions,MTSK.437,mobile-experience,Mobile Task,Inbox,active,active,,false,delivery,
529,Mobile App V3 Release,EPIC.438,product-engineering,Product Epic,Triage,active,active,,false,delivery,
530,Set up shared mailbox for support team,ACC.439,it-service-desk,Access Request,Under Review,active,active,,false,delivery,
531,Email delivery queue backed up 2+ hours,INC.440,it-service-desk,IT Incident,Reported,active,active,,true,delivery,
532,Webhook retry count never resets after success,PBUG.441,payments,Payment Bug,Reported,active,active,,false,delivery,
533,Review and update security headers,PTSK.442,payments,Payment Task,Inbox,active,active,,false,delivery,
534,Consolidate duplicate utility functions,MTSK.443,mobile-experience,Mobile Task,In Progress,waiting,active,,false,delivery,
535,Authentication service returning 503,INC.444,it-service-desk,IT Incident,Reported,active,active,,false,delivery,
536,Set up staging environment monitoring,ITSK.445,cloud-infra,Infrastructure Task,Inbox,active,active,,false,delivery,
537,Image thumbnails not generated for HEIC format,PBUG.446,payments,Payment Bug,Reported,active,active,,false,delivery,
538,Add drag-and-drop file upload,FEAT.447,product-engineering,Product Feature,Intake,active,active,,false,delivery,
539,Implement audit log viewer,MOB.448,mobile-experience,Mobile Feature,Intake,active,active,,false,delivery,
540,Currency formatting wrong for Japanese Yen,PBUG.449,payments,Payment Bug,Triage,active,active,,false,delivery,
541,Create integration marketplace page,PAY.450,payments,Payment Feature,Intake,active,active,,false,delivery,
542,Keyboard navigation broken in data grid,PBUG.451,payments,Payment Bug,Reported,active,active,,false,delivery,
543,Request cloud cost report for department,ACC.452,it-service-desk,Access Request,Submitted,active,active,,false,delivery,
544,Set up monitoring alerts for payment service,ITSR.453,it-service-desk,IT Service Request,Submitted,active,active,,false,delivery,
545,Session timeout doesn't redirect to login,PBUG.454,payments,Payment Bug,Reported,active,active,,false,delivery,
546,Create load testing scripts for API,ITSK.455,cloud-infra,Infrastructure Task,Inbox,active,active,,false,delivery,
547,Dashboard widgets overlap on tablet viewport,PBUG.456,payments,Payment Bug,Reported,active,active,,false,delivery,
548,Add multi-language support for emails,PAY.459,payments,Payment Feature,Intake,active,active,,false,delivery,
549,Add drag-and-drop file upload,FEAT.457,product-engineering,Product Feature,Intake,active,active,,false,delivery,
550,SSL certificate expired on api.internal,INC.458,it-service-desk,IT Incident,Reported,active,active,,false,delivery,
551,Update Node.js to v22 LTS,PTSK.460,payments,Payment Task,Inbox,active,active,,false,delivery,
552,Login page crashes on Safari 17,PBUG.461,payments,Payment Bug,Reported,active,active,,false,delivery,
553,Request cloud cost report for department,ACC.462,it-service-desk,Access Request,Submitted,active,active,,false,delivery,
554,Add collaborative editing for documents,MOB.463,mobile-experience,Mobile Feature,Intake,active,active,,false,delivery,
555,Password reset link expires immediately,PBUG.464,payments,Payment Bug,Reported,active,active,,false,delivery,